{"cameraMode":{"drawMode":0,"name":"Shaded","section":"Shading Mode"},"sceneLighting":true,"audioPlay":false,"sceneViewState":{"showFog":true,"showMaterialUpdate":true,"showSkybox":true,"showFlares":true,"showImageEffects":true,"showParticleSystems":true},"in2DMode":false,"pivot":{"x":2.8118653297424318,"y":-8.653169631958008,"z":20.559534072875978},"rotation":{"x":-0.21744029223918916,"y":-0.22403132915496827,"z":0.051321133971214297,"w":-0.9486571550369263},"size":27.339139938354493,"orthographic":false}